{"cameraMode":{"drawMode":0,"name":"Shaded","section":"Shading Mode"},"sceneLighting":false,"audioPlay":false,"sceneViewState":{"showFog":true,"showMaterialUpdate":true,"showSkybox":true,"showFlares":true,"showImageEffects":true,"showParticleSystems":true},"in2DMode":false,"pivot":{"x":55.37699508666992,"y":17.509855270385743,"z":27.955835342407228},"rotation":{"x":0.03688974305987358,"y":-0.14056824147701264,"z":-0.0052281939424574379,"w":-0.9893696904182434},"size":22.0,"orthographic":false}