{"cameraMode":{"drawMode":0,"name":"Shaded","section":"Shading Mode"},"sceneLighting":false,"audioPlay":false,"sceneViewState":{"showFog":true,"showMaterialUpdate":true,"showSkybox":true,"showFlares":true,"showImageEffects":true,"showParticleSystems":true},"in2DMode":false,"pivot":{"x":1264.798095703125,"y":523.2959594726563,"z":14.785087585449219},"rotation":{"x":0.03426998108625412,"y":-0.00013859814498573542,"z":0.000007458603249688167,"w":-0.9994125962257385},"size":1795.1448974609375,"orthographic":false}