{"cameraMode":{"drawMode":0,"name":"Shaded","section":"Shading Mode"},"sceneLighting":false,"audioPlay":false,"sceneViewState":{"showFog":true,"showMaterialUpdate":true,"showSkybox":true,"showFlares":true,"showImageEffects":true,"showParticleSystems":true},"in2DMode":false,"pivot":{"x":809.9865112304688,"y":480.391845703125,"z":154.5267333984375},"rotation":{"x":-0.07553523778915405,"y":-0.012266915291547776,"z":0.0009297134238295257,"w":-0.9970672726631165},"size":1682.341552734375,"orthographic":false}